Table,Column number,Header,Migration
01_SO_MASTER,1,id,REUSE
01_SO_MASTER,2,so,REUSE
01_SO_MASTER,3,customer,REUSE
01_SO_MASTER,4,po,REUSE
01_SO_MASTER,5,due,REUSE
01_SO_MASTER,6,owner,REUSE
01_SO_MASTER,7,folder,REUSE
01_SO_MASTER,8,status,REUSE
01_SO_MASTER,9,source_system,REUSE
01_SO_MASTER,10,source_key,REUSE
01_SO_MASTER,11,created_at,REUSE
01_SO_MASTER,12,updated_at,REUSE
01_SO_MASTER,13,product,APPEND_COLUMN
01_SO_MASTER,14,product_image_id,APPEND_COLUMN
01_SO_MASTER,15,so_document_id,APPEND_COLUMN
01_SO_MASTER,16,request_key,APPEND_COLUMN
02_SO_ITEM_MATERIAL,1,id,REUSE
02_SO_ITEM_MATERIAL,2,case_id,REUSE
02_SO_ITEM_MATERIAL,3,sku,REUSE
02_SO_ITEM_MATERIAL,4,material,REUSE
02_SO_ITEM_MATERIAL,5,supplier,REUSE
02_SO_ITEM_MATERIAL,6,supplier_po,REUSE
02_SO_ITEM_MATERIAL,7,tier,REUSE
02_SO_ITEM_MATERIAL,8,folder,REUSE
02_SO_ITEM_MATERIAL,9,source_system,REUSE
02_SO_ITEM_MATERIAL,10,source_key,REUSE
02_SO_ITEM_MATERIAL,11,supplier_id,APPEND_COLUMN
02_SO_ITEM_MATERIAL,12,category,APPEND_COLUMN
02_SO_ITEM_MATERIAL,13,scientific_name,APPEND_COLUMN
02_SO_ITEM_MATERIAL,14,source_reference,APPEND_COLUMN
02_SO_ITEM_MATERIAL,15,confirmed_by,APPEND_COLUMN
02_SO_ITEM_MATERIAL,16,confirmed_at,APPEND_COLUMN
02_SO_ITEM_MATERIAL,17,request_key,APPEND_COLUMN
02_SO_ITEM_MATERIAL,18,material_original,APPEND_COLUMN
02_SO_ITEM_MATERIAL,19,commodity,APPEND_COLUMN
02_SO_ITEM_MATERIAL,20,common_species,APPEND_COLUMN
02_SO_ITEM_MATERIAL,21,hs_cn_code,APPEND_COLUMN
02_SO_ITEM_MATERIAL,22,quantity,APPEND_COLUMN
02_SO_ITEM_MATERIAL,23,quantity_uom,APPEND_COLUMN
02_SO_ITEM_MATERIAL,24,production_countries,APPEND_COLUMN
02_SO_ITEM_MATERIAL,25,production_range,APPEND_COLUMN
02_SO_ITEM_MATERIAL,26,legality_evidence_ids,APPEND_COLUMN
02_SO_ITEM_MATERIAL,27,deforestation_evidence_ids,APPEND_COLUMN
02_SO_ITEM_MATERIAL,28,scope_status,APPEND_COLUMN
02_SO_ITEM_MATERIAL,29,scope_rule_version,APPEND_COLUMN
02_SO_ITEM_MATERIAL,30,metadata_source_document_id,APPEND_COLUMN
02_SO_ITEM_MATERIAL,31,metadata_reference,APPEND_COLUMN
03_EVIDENCE_REQUIREMENT,1,id,REUSE
03_EVIDENCE_REQUIREMENT,2,material,REUSE
03_EVIDENCE_REQUIREMENT,3,evidence,REUSE
03_EVIDENCE_REQUIREMENT,4,department,REUSE
03_EVIDENCE_REQUIREMENT,5,tier,REUSE
03_EVIDENCE_REQUIREMENT,6,enabled,REUSE
04_EVIDENCE_TRACKER,1,id,REUSE
04_EVIDENCE_TRACKER,2,case_id,REUSE
04_EVIDENCE_TRACKER,3,material_id,REUSE
04_EVIDENCE_TRACKER,4,evidence,REUSE
04_EVIDENCE_TRACKER,5,department,REUSE
04_EVIDENCE_TRACKER,6,owner,REUSE
04_EVIDENCE_TRACKER,7,due,REUSE
04_EVIDENCE_TRACKER,8,status,REUSE
04_EVIDENCE_TRACKER,9,document_id,REUSE
04_EVIDENCE_TRACKER,10,note,REUSE
04_EVIDENCE_TRACKER,11,updated_at,REUSE
04_EVIDENCE_TRACKER,12,calendar_event_id,REUSE
04_EVIDENCE_TRACKER,13,supplier_id,APPEND_COLUMN
04_EVIDENCE_TRACKER,14,evidence_block,APPEND_COLUMN
04_EVIDENCE_TRACKER,15,required,APPEND_COLUMN
04_EVIDENCE_TRACKER,16,assigned_reviewer,APPEND_COLUMN
04_EVIDENCE_TRACKER,17,priority,APPEND_COLUMN
04_EVIDENCE_TRACKER,18,created_at,APPEND_COLUMN
04_EVIDENCE_TRACKER,19,calendar_sync_status,APPEND_COLUMN
05_OWNER_MASTER,1,email,REUSE
05_OWNER_MASTER,2,name,REUSE
05_OWNER_MASTER,3,department,REUSE
05_OWNER_MASTER,4,role,REUSE
05_OWNER_MASTER,5,active,REUSE
05_OWNER_MASTER,6,supplier_id,APPEND_COLUMN
05_OWNER_MASTER,7,assigned_orders,APPEND_COLUMN
05_OWNER_MASTER,8,last_login,APPEND_COLUMN
05_OWNER_MASTER,9,created_at,APPEND_COLUMN
05_OWNER_MASTER,10,created_by,APPEND_COLUMN
06_DOCUMENT_REGISTER,1,id,REUSE
06_DOCUMENT_REGISTER,2,case_id,REUSE
06_DOCUMENT_REGISTER,3,task_id,REUSE
06_DOCUMENT_REGISTER,4,kind,REUSE
06_DOCUMENT_REGISTER,5,name,REUSE
06_DOCUMENT_REGISTER,6,file_id,REUSE
06_DOCUMENT_REGISTER,7,version,REUSE
06_DOCUMENT_REGISTER,8,status,REUSE
06_DOCUMENT_REGISTER,9,uploaded_by,REUSE
06_DOCUMENT_REGISTER,10,created_at,REUSE
06_DOCUMENT_REGISTER,11,material_id,APPEND_COLUMN
06_DOCUMENT_REGISTER,12,supplier_id,APPEND_COLUMN
06_DOCUMENT_REGISTER,13,evidence_block,APPEND_COLUMN
06_DOCUMENT_REGISTER,14,document_type,APPEND_COLUMN
06_DOCUMENT_REGISTER,15,mime_type,APPEND_COLUMN
06_DOCUMENT_REGISTER,16,active_version,APPEND_COLUMN
06_DOCUMENT_REGISTER,17,reviewed_by,APPEND_COLUMN
06_DOCUMENT_REGISTER,18,reviewed_at,APPEND_COLUMN
06_DOCUMENT_REGISTER,19,review_comment,APPEND_COLUMN
06_DOCUMENT_REGISTER,20,superseded_by,APPEND_COLUMN
06_DOCUMENT_REGISTER,21,source_document_id,APPEND_COLUMN
06_DOCUMENT_REGISTER,22,redaction_verified,APPEND_COLUMN
06_DOCUMENT_REGISTER,23,translation_verified,APPEND_COLUMN
06_DOCUMENT_REGISTER,24,updated_at,APPEND_COLUMN
06_DOCUMENT_REGISTER,25,request_key,APPEND_COLUMN
06_DOCUMENT_REGISTER,26,certificate_holder,APPEND_COLUMN
06_DOCUMENT_REGISTER,27,certificate_no,APPEND_COLUMN
06_DOCUMENT_REGISTER,28,certificate_scope,APPEND_COLUMN
06_DOCUMENT_REGISTER,29,issue_date,APPEND_COLUMN
06_DOCUMENT_REGISTER,30,expiry_date,APPEND_COLUMN
07_AI_REVIEW_QUEUE,1,id,REUSE
07_AI_REVIEW_QUEUE,2,case_id,REUSE
07_AI_REVIEW_QUEUE,3,document_id,REUSE
07_AI_REVIEW_QUEUE,4,finding,REUSE
07_AI_REVIEW_QUEUE,5,status,REUSE
07_AI_REVIEW_QUEUE,6,reviewer,REUSE
08_ACTIVITY_LOG,1,id,REUSE
08_ACTIVITY_LOG,2,timestamp,REUSE
08_ACTIVITY_LOG,3,actor,REUSE
08_ACTIVITY_LOG,4,action,REUSE
08_ACTIVITY_LOG,5,case_id,REUSE
08_ACTIVITY_LOG,6,entity_id,REUSE
08_ACTIVITY_LOG,7,previous,REUSE
08_ACTIVITY_LOG,8,next,REUSE
08_ACTIVITY_LOG,9,role,APPEND_COLUMN
08_ACTIVITY_LOG,10,object_type,APPEND_COLUMN
08_ACTIVITY_LOG,11,order_no,APPEND_COLUMN
08_ACTIVITY_LOG,12,comment,APPEND_COLUMN
09_CONFIG,1,key,REUSE
09_CONFIG,2,value,REUSE
10_INTEGRATION_LOG,1,batch_id,REUSE
10_INTEGRATION_LOG,2,source,REUSE
10_INTEGRATION_LOG,3,timestamp,REUSE
10_INTEGRATION_LOG,4,status,REUSE
10_INTEGRATION_LOG,5,records,REUSE
10_INTEGRATION_LOG,6,error,REUSE
11_INTEGRATION_ERROR,1,batch_id,REUSE
11_INTEGRATION_ERROR,2,source_key,REUSE
11_INTEGRATION_ERROR,3,error,REUSE
11_INTEGRATION_ERROR,4,retry_status,REUSE
14_SUPPLIERS,1,id,NEW_TABLE
14_SUPPLIERS,2,name,NEW_TABLE
14_SUPPLIERS,3,email,NEW_TABLE
14_SUPPLIERS,4,active,NEW_TABLE
14_SUPPLIERS,5,created_at,NEW_TABLE
14_SUPPLIERS,6,created_by,NEW_TABLE
15_SUPPLY_CHAIN,1,id,NEW_TABLE
15_SUPPLY_CHAIN,2,case_id,NEW_TABLE
15_SUPPLY_CHAIN,3,material_id,NEW_TABLE
15_SUPPLY_CHAIN,4,supplier_id,NEW_TABLE
15_SUPPLY_CHAIN,5,parent_id,NEW_TABLE
15_SUPPLY_CHAIN,6,node_type,NEW_TABLE
15_SUPPLY_CHAIN,7,plot_id,NEW_TABLE
15_SUPPLY_CHAIN,8,source_document_id,NEW_TABLE
15_SUPPLY_CHAIN,9,created_by,NEW_TABLE
15_SUPPLY_CHAIN,10,created_at,NEW_TABLE
16_COMMENTS,1,id,NEW_TABLE
16_COMMENTS,2,case_id,NEW_TABLE
16_COMMENTS,3,document_id,NEW_TABLE
16_COMMENTS,4,version,NEW_TABLE
16_COMMENTS,5,visibility,NEW_TABLE
16_COMMENTS,6,comment,NEW_TABLE
16_COMMENTS,7,author,NEW_TABLE
16_COMMENTS,8,created_at,NEW_TABLE
17_GEO_LOCATIONS,1,id,NEW_TABLE
17_GEO_LOCATIONS,2,case_id,NEW_TABLE
17_GEO_LOCATIONS,3,material_id,NEW_TABLE
17_GEO_LOCATIONS,4,supplier_id,NEW_TABLE
17_GEO_LOCATIONS,5,chain_node_id,NEW_TABLE
17_GEO_LOCATIONS,6,plot_id,NEW_TABLE
17_GEO_LOCATIONS,7,country_of_production,NEW_TABLE
17_GEO_LOCATIONS,8,production_range,NEW_TABLE
17_GEO_LOCATIONS,9,area_ha,NEW_TABLE
17_GEO_LOCATIONS,10,geometry_json,NEW_TABLE
17_GEO_LOCATIONS,11,source_document_id,NEW_TABLE
17_GEO_LOCATIONS,12,verification_status,NEW_TABLE
17_GEO_LOCATIONS,13,reviewed_by,NEW_TABLE
17_GEO_LOCATIONS,14,reviewed_at,NEW_TABLE
17_GEO_LOCATIONS,15,notes,NEW_TABLE
17_GEO_LOCATIONS,16,rule_version,NEW_TABLE
17_GEO_LOCATIONS,17,coordinate_precision_digits,NEW_TABLE
18_AI_PROMPT_RUNS,1,id,NEW_TABLE
18_AI_PROMPT_RUNS,2,case_id,NEW_TABLE
18_AI_PROMPT_RUNS,3,function,NEW_TABLE
18_AI_PROMPT_RUNS,4,document_id,NEW_TABLE
18_AI_PROMPT_RUNS,5,prompt_version,NEW_TABLE
18_AI_PROMPT_RUNS,6,generated_by,NEW_TABLE
18_AI_PROMPT_RUNS,7,generated_at,NEW_TABLE
18_AI_PROMPT_RUNS,8,prompt,NEW_TABLE
18_AI_PROMPT_RUNS,9,imported_result,NEW_TABLE
18_AI_PROMPT_RUNS,10,result_status,NEW_TABLE
19_EXPORT_LOG,1,id,NEW_TABLE
19_EXPORT_LOG,2,case_id,NEW_TABLE
19_EXPORT_LOG,3,actor,NEW_TABLE
19_EXPORT_LOG,4,created_at,NEW_TABLE
19_EXPORT_LOG,5,file_id,NEW_TABLE
19_EXPORT_LOG,6,manifest_json,NEW_TABLE
19_EXPORT_LOG,7,include_history,NEW_TABLE
19_EXPORT_LOG,8,request_key,NEW_TABLE
20_NOTIFICATIONS,1,id,NEW_TABLE
20_NOTIFICATIONS,2,email,NEW_TABLE
20_NOTIFICATIONS,3,case_id,NEW_TABLE
20_NOTIFICATIONS,4,object_id,NEW_TABLE
20_NOTIFICATIONS,5,message,NEW_TABLE
20_NOTIFICATIONS,6,read,NEW_TABLE
20_NOTIFICATIONS,7,created_at,NEW_TABLE
23_UPLOAD_SESSIONS,1,id,NEW_TABLE
23_UPLOAD_SESSIONS,2,actor,NEW_TABLE
23_UPLOAD_SESSIONS,3,case_id,NEW_TABLE
23_UPLOAD_SESSIONS,4,task_id,NEW_TABLE
23_UPLOAD_SESSIONS,5,name,NEW_TABLE
23_UPLOAD_SESSIONS,6,mime_type,NEW_TABLE
23_UPLOAD_SESSIONS,7,size,NEW_TABLE
23_UPLOAD_SESSIONS,8,sha256,NEW_TABLE
23_UPLOAD_SESSIONS,9,chunk_count,NEW_TABLE
23_UPLOAD_SESSIONS,10,folder_id,NEW_TABLE
23_UPLOAD_SESSIONS,11,expected_document_id,NEW_TABLE
23_UPLOAD_SESSIONS,12,status,NEW_TABLE
23_UPLOAD_SESSIONS,13,created_at,NEW_TABLE
23_UPLOAD_SESSIONS,14,request_key,NEW_TABLE
23_UPLOAD_SESSIONS,15,document_id,NEW_TABLE
23_UPLOAD_SESSIONS,16,kind,NEW_TABLE
23_UPLOAD_SESSIONS,17,source_document_id,NEW_TABLE
22_COUNTRY_RISK,1,id,NEW_TABLE
22_COUNTRY_RISK,2,country_code,NEW_TABLE
22_COUNTRY_RISK,3,risk_level,NEW_TABLE
22_COUNTRY_RISK,4,rule_version,NEW_TABLE
22_COUNTRY_RISK,5,checked_at,NEW_TABLE
22_COUNTRY_RISK,6,reviewed_by,NEW_TABLE
22_COUNTRY_RISK,7,source_url,NEW_TABLE
21_OPERATIONS,1,id,NEW_TABLE
21_OPERATIONS,2,actor,NEW_TABLE
21_OPERATIONS,3,action,NEW_TABLE
21_OPERATIONS,4,fingerprint,NEW_TABLE
21_OPERATIONS,5,status,NEW_TABLE
21_OPERATIONS,6,result_json,NEW_TABLE
21_OPERATIONS,7,updated_at,NEW_TABLE
