ID,Scenario,Live staging status,Owner,Evidence to capture,Actual result,Request ID,Sheet rows,Folder IDs,Document IDs,Screenshot,Sign-off
1,one product,NOT_RUN,Marketing,"Before/after, request ID, IDs, screenshot",,,,,,,
2,multiple products,NOT_RUN,Marketing,"Before/after, request ID, IDs, screenshot",,,,,,,
3,optional images,NOT_RUN,Marketing,"Before/after, request ID, IDs, screenshot",,,,,,,
4,product image >3 MB rejected,NOT_RUN,Marketing,"Before/after, request ID, IDs, screenshot",,,,,,,
5,Sales Order >3 MB rejected where this upload limit applies,NOT_RUN,Marketing,"Before/after, request ID, IDs, screenshot",,,,,,,
6,duplicate SO,NOT_RUN,Marketing,"Before/after, request ID, IDs, screenshot",,,,,,,
7,edit SO number,NOT_RUN,Marketing,"Before/after, request ID, IDs, screenshot",,,,,,,
8,edit product,NOT_RUN,Marketing,"Before/after, request ID, IDs, screenshot",,,,,,,
9,retry/double-click,NOT_RUN,Marketing,"Before/after, request ID, IDs, screenshot",,,,,,,
10,lost-response retry,NOT_RUN,Marketing,"Before/after, request ID, IDs, screenshot",,,,,,,
11,Marketing can view SO,NOT_RUN,Marketing,"Before/after, request ID, IDs, screenshot",,,,,,,
12,MP cannot view SO without Marketing capability,NOT_RUN,Marketing,"Before/after, request ID, IDs, screenshot",,,,,,,
13,Purchasing cannot view SO without Marketing capability,NOT_RUN,Marketing,"Before/after, request ID, IDs, screenshot",,,,,,,
14,direct API attempt is denied,NOT_RUN,Marketing,"Before/after, request ID, IDs, screenshot",,,,,,,
15,Purchasing cannot approve evidence,NOT_RUN,Marketing,"Before/after, request ID, IDs, screenshot",,,,,,,
16,Marketing can approve/reject,NOT_RUN,Marketing,"Before/after, request ID, IDs, screenshot",,,,,,,
17,unauthorized user cannot modify evidence requirements,NOT_RUN,Marketing,"Before/after, request ID, IDs, screenshot",,,,,,,
18,create Material with PO,NOT_RUN,MP,"Before/after, request ID, IDs, screenshot",,,,,,,
19,create Material without PO,NOT_RUN,MP,"Before/after, request ID, IDs, screenshot",,,,,,,
20,add PO later,NOT_RUN,MP,"Before/after, request ID, IDs, screenshot",,,,,,,
21,material folder retry creates no duplicate,NOT_RUN,MP,"Before/after, request ID, IDs, screenshot",,,,,,,
22,Tier 1 only,NOT_RUN,Purchasing/Sourcing,"Before/after, request ID, IDs, screenshot",,,,,,,
23,later add Tier 2,NOT_RUN,Purchasing/Sourcing,"Before/after, request ID, IDs, screenshot",,,,,,,
24,N-level chain,NOT_RUN,Purchasing/Sourcing,"Before/after, request ID, IDs, screenshot",,,,,,,
25,two branches,NOT_RUN,Purchasing/Sourcing,"Before/after, request ID, IDs, screenshot",,,,,,,
26,terminal producer,NOT_RUN,Purchasing/Sourcing,"Before/after, request ID, IDs, screenshot",,,,,,,
27,cycle attempt rejected,NOT_RUN,Purchasing/Sourcing,"Before/after, request ID, IDs, screenshot",,,,,,,
28,supplier reused from master,NOT_RUN,Purchasing/Sourcing,"Before/after, request ID, IDs, screenshot",,,,,,,
29,supplier duplicate detection,NOT_RUN,Purchasing/Sourcing,"Before/after, request ID, IDs, screenshot",,,,,,,
30,upload draft,NOT_RUN,Purchasing/Sourcing,"Before/after, request ID, IDs, screenshot",,,,,,,
31,replace draft,NOT_RUN,Purchasing/Sourcing,"Before/after, request ID, IDs, screenshot",,,,,,,
32,delete/remove draft,NOT_RUN,Purchasing/Sourcing,"Before/after, request ID, IDs, screenshot",,,,,,,
33,submit,NOT_RUN,Purchasing/Sourcing,"Before/after, request ID, IDs, screenshot",,,,,,,
34,replacement after rejection,NOT_RUN,Purchasing/Sourcing,"Before/after, request ID, IDs, screenshot",,,,,,,
35,approved document cannot be silently overwritten,NOT_RUN,Purchasing/Sourcing,"Before/after, request ID, IDs, screenshot",,,,,,,
36,SO already registered,NOT_RUN,Marketing,"Before/after, request ID, IDs, screenshot",,,,,,,
37,task later created,NOT_RUN,Marketing,"Before/after, request ID, IDs, screenshot",,,,,,,
38,task still requires review,NOT_RUN,Marketing,"Before/after, request ID, IDs, screenshot",,,,,,,
39,no duplicate SO file,NOT_RUN,Marketing,"Before/after, request ID, IDs, screenshot",,,,,,,
40,authorized reviewer can approve,NOT_RUN,Marketing,"Before/after, request ID, IDs, screenshot",,,,,,,
41,complete matching chain,NOT_RUN,Marketing,"Before/after, request ID, IDs, screenshot",,,,,,,
42,missing invoice,NOT_RUN,Marketing,"Before/after, request ID, IDs, screenshot",,,,,,,
43,invoice date sequence mismatch,NOT_RUN,Marketing,"Before/after, request ID, IDs, screenshot",,,,,,,
44,shipment date mismatch,NOT_RUN,Marketing,"Before/after, request ID, IDs, screenshot",,,,,,,
45,absent date → NOT_VERIFIABLE,NOT_RUN,Marketing,"Before/after, request ID, IDs, screenshot",,,,,,,
46,conflicting species,NOT_RUN,Marketing,"Before/after, request ID, IDs, screenshot",,,,,,,
47,missing GEO,NOT_RUN,Marketing,"Before/after, request ID, IDs, screenshot",,,,,,,
48,prompt-injection text inside supplier PDF,NOT_RUN,Marketing,"Before/after, request ID, IDs, screenshot",,,,,,,
49,normal PDF text,NOT_RUN,Reviewer + QA,"Before/after, request ID, IDs, screenshot",,,,,,,
50,image/scanned price,NOT_RUN,Reviewer + QA,"Before/after, request ID, IDs, screenshot",,,,,,,
51,hidden text under blackout test,NOT_RUN,Reviewer + QA,"Before/after, request ID, IDs, screenshot",,,,,,,
52,extract/search original amount fails after redaction,NOT_RUN,Reviewer + QA,"Before/after, request ID, IDs, screenshot",,,,,,,
53,final file <3 MB,NOT_RUN,Reviewer + QA,"Before/after, request ID, IDs, screenshot",,,,,,,
54,impossible size target → OUTPUT_SIZE_BLOCKED,NOT_RUN,Reviewer + QA,"Before/after, request ID, IDs, screenshot",,,,,,,
55,translated derived PDF,NOT_RUN,Reviewer + QA,"Before/after, request ID, IDs, screenshot",,,,,,,
56,original untouched,NOT_RUN,Reviewer + QA,"Before/after, request ID, IDs, screenshot",,,,,,,
57,page count retained,NOT_RUN,Reviewer + QA,"Before/after, request ID, IDs, screenshot",,,,,,,
58,<3 MB,NOT_RUN,Reviewer + QA,"Before/after, request ID, IDs, screenshot",,,,,,,
59,human verification required,NOT_RUN,Reviewer + QA,"Before/after, request ID, IDs, screenshot",,,,,,,
60,clean migration,NOT_RUN,Admin + QA,"Before/after, request ID, IDs, screenshot",,,,,,,
61,second migration idempotent,NOT_RUN,Admin + QA,"Before/after, request ID, IDs, screenshot",,,,,,,
62,schema mismatch abort,NOT_RUN,Admin + QA,"Before/after, request ID, IDs, screenshot",,,,,,,
63,existing approved records preserved,NOT_RUN,Admin + QA,"Before/after, request ID, IDs, screenshot",,,,,,,
64,EN desktop full workflow,NOT_RUN,Business owner + QA,Record exact observed evidence,,,,,,,
65,VI desktop full workflow,NOT_RUN,Business owner + QA,Record exact observed evidence,,,,,,,
66,EN/VI tablet full workflow,NOT_RUN,Business owner + QA,Record exact observed evidence,,,,,,,
67,EN/VI mobile full workflow,NOT_RUN,Business owner + QA,Record exact observed evidence,,,,,,,
68,External supplier scope and direct API denial,NOT_RUN,Business owner + QA,Record exact observed evidence,,,,,,,
69,Drive ACL and direct Sales Order link access,NOT_RUN,Business owner + QA,Record exact observed evidence,,,,,,,
70,"Netlify/Firebase live identity, disabled user and token revocation",NOT_RUN,Business owner + QA,Record exact observed evidence,,,,,,,
71,Lost-response/concurrent-user retry on live Apps Script,NOT_RUN,Business owner + QA,Record exact observed evidence,,,,,,,
72,Large real PDF/scan OCR and readability,NOT_RUN,Business owner + QA,Record exact observed evidence,,,,,,,
73,Human current-law/Annex/country-risk confirmation,NOT_RUN,Business owner + QA,Record exact observed evidence,,,,,,,
74,Scale and execution quota benchmark,NOT_RUN,Business owner + QA,Record exact observed evidence,,,,,,,
